net,length_um
_2581_,421.595
clknet_1_0__leaf_clk,415.7
clknet_1_1__leaf_clk,404.67
_0516_,292.54
_0493_,283.93
_2670_,273.74
_0504_,273.69
_0515_,273.52
_0496_,272.83
net61,269.02
_0500_,262.72
_2805_,260.92
_0494_,256.98
_0855_,251.57
_0816_,250.15
_0490_,245.405
_2582_,245.34
_0702_,238.62
_0595_,237.74
_2609_,236.66
_0558_,236.445
_0819_,232.09
_0556_,228.62
_0633_,227.34
_0547_,225.26
_0587_,224.87
_0502_,222.935
clk,222.25
_2309_,218.77
_0594_,217.84
_0656_,215.05
_2587_,212.56
_0499_,210.73
_0559_,209.855
_0632_,209.68
_2834_,208.12
_0981_,207.8
_0535_,206.93
_2308_,205.02
_2754_,204.06
_0557_,203.59
_0534_,202.89
_2327_,200.485
net2,198.8
_2613_,197.66
_2320_,196.18
_2304_,195.35
_0525_,195.285
_2301_,194.48
_0625_,190.88
_2319_,186.59
net27,186.24
_0812_,185.76
_2740_,185.09
_2746_,180.62
_1474_,179.05
_1639_,178.2
_0495_,177.865
_0612_,176.8
_2580_,176.18
_0521_,174.78
_0597_,174.44
_2756_,174.12
_2544_,173.1
_2539_,172.8
_0536_,170.125
_2741_,168.075
_2318_,167.85
_0648_,166.845
_1549_,162.4
u_interface.core_valid_out,161.66
_1935_,161.42
_0489_,161.11
_2618_,160.38
_1398_,158.81
_0491_,158.52
_0634_,157.37
_1550_,154.96
_1399_,154.51
_1596_,154.15
_0485_,149.17
net14,148.28
_2781_,147.44
_2867_,147.185
_2619_,146.12
_2584_,144.715
_2622_,144
_0586_,143.74
u_interface.u_compute_core.scaled_data\[17\],143.655
net19,143.22
_1325_,140.36
_0835_,139.65
_1326_,137.94
_2735_,137.4
_1490_,135.86
_2644_,133.9
_1476_,133.78
_0813_,133.59
_2631_,130.115
u_interface.u_compute_core.relu_data\[13\],129.74
clknet_leaf_4_clk,128.895
_2516_,128.57
_0488_,128.445
_2890_,128.24
_2669_,127.86
_0486_,127.765
u_interface.u_compute_core.scaled_data\[16\],127.385
u_interface.u_compute_core.scaled_data\[18\],126.965
_1627_,126.54
_2512_,126.5
_2625_,125.82
_1699_,125.74
_2672_,125.68
_1497_,125.31
u_interface.u_compute_core.u_av.product_reg\[31\],124.8
_1250_,124.54
_0596_,124.13
_1563_,123.75
_1636_,123.72
_1777_,122.34
_2949_,121.72
_0571_,120.21
_1251_,119.89
clknet_leaf_15_clk,118.8
_1999_,118.66
net123,118.46
u_interface.u_compute_core.scaled_data\[19\],116.985
_1042_,115.35
_1773_,115.28
_2713_,114.8
_0265_,113.62
net20,113.14
clknet_leaf_2_clk,112.96
_1176_,112.34
_2736_,112.18
u_interface.u_compute_core.u_mac.product_reg\[15\],111.89
_2935_,111.6
_2589_,111.11
_3013_,110.9
_1856_,110.52
_1774_,110.46
_2745_,109.655
_0503_,108.7
clknet_leaf_19_clk,108.32
_2611_,107.265
_2961_,107.18
_1106_,107.05
_0915_,106.88
_1177_,106.56
clknet_leaf_18_clk,105.14
u_interface.u_compute_core.scaled_data\[21\],104.995
_2637_,104.655
_0492_,103.96
_1593_,103.25
_1498_,101.82
_2694_,101.62
_2634_,101.09
_1867_,100.88
_1689_,100.35
u_interface.u_compute_core.relu_valid,99.74
clknet_leaf_20_clk,98.5
_2936_,98.36
clknet_0_clk,98.14
net121,98.12
u_interface.u_compute_core.scaled_data\[13\],97.905
_2647_,96.96
u_interface.u_compute_core.relu_data\[5\],96.28
_2583_,96.27
_2691_,95.94
_1105_,95.58
u_interface.u_compute_core.scaled_data\[26\],95.295
clknet_leaf_16_clk,94.96
clknet_leaf_13_clk,94.95
_2929_,94.855
u_interface.u_compute_core.scaled_data\[15\],94.195
u_interface.u_compute_core.scaled_data\[25\],93.935
_2579_,93.88
u_interface.u_compute_core.scaled_data\[23\],93.865
u_interface.u_compute_core.scaled_data\[10\],93.795
_0982_,93.77
_2640_,93.1
u_interface.u_compute_core.scaled_data\[20\],92.665
_2931_,92.52
u_interface.u_compute_core.scaled_data\[27\],92.235
u_interface.u_compute_core.scaled_data\[22\],92.135
_2283_,91.42
u_interface.u_compute_core.scaled_data\[24\],90.965
_1010_,90.8
_2970_,90.68
_2026_,90.38
_1209_,90.08
net21,89.88
_2945_,89.68
u_interface.u_compute_core.scaled_data\[11\],89.195
u_interface.u_compute_core.relu_data\[15\],88.98
_2753_,88.74
u_interface.u_compute_core.relu_data\[7\],88.52
u_interface.u_compute_core.scaled_data\[14\],88.375
_1943_,87.96
clknet_leaf_0_clk,87.95
_0498_,85.97
_2992_,85.27
_1445_,85.14
_2604_,85.07
_1444_,85.06
u_interface.u_compute_core.scaled_data\[12\],84.775
clknet_leaf_14_clk,84.36
clknet_leaf_17_clk,83.9
u_interface.u_compute_core.relu_data\[18\],83.18
_2628_,82.71
_2833_,82.58
clknet_leaf_10_clk,81.26
_0971_,81.1
_2521_,79.92
net26,79.88
_1337_,79.655
_2595_,79.55
clknet_leaf_12_clk,79.44
_2643_,79.38
_1447_,78.96
u_interface.u_compute_core.mac_accum\[7\],78.88
net22,78.66
_2598_,78.455
_1492_,78.32
u_interface.u_compute_core.relu_data\[9\],78.08
_0970_,77.62
net34,75.71
_2716_,75.64
u_interface.u_compute_core.scaled_data\[28\],75.44
_2650_,75.1
u_interface.u_compute_core.u_av.product_reg\[11\],74.74
u_interface.u_compute_core.relu_data\[2\],74.415
_2610_,74.36
clknet_leaf_8_clk,74.34
_2615_,73.72
u_interface.u_compute_core.relu_data\[26\],73.375
_1030_,73.22
_1645_,73.2
_0523_,71.56
u_interface.u_compute_core.relu_data\[25\],71.325
_0654_,71.28
net35,71.02
u_interface.u_compute_core.relu_data\[6\],70.98
_0217_,70.7
u_interface.u_compute_core.u_av.product_reg\[10\],69.88
_0321_,69.86
_1860_,69.5
u_interface.u_compute_core.u_av.product_reg\[30\],68.9
_0948_,68.5
_1368_,68.1
clknet_leaf_11_clk,67.985
_0300_,67.915
u_interface.u_compute_core.relu_data\[16\],67.64
_2607_,67.62
u_interface.u_compute_core.relu_data\[19\],67.62
net86,67.6
clknet_leaf_22_clk,67.52
_0522_,66.8
u_interface.u_compute_core.u_av.product_reg\[13\],66.4
_1655_,66.22
_0548_,66.2
u_interface.u_compute_core.relu_data\[21\],66.04
_1185_,65.98
u_interface.u_compute_core.scaled_data\[0\],65.615
u_interface.u_compute_core.mac_accum\[23\],64.78
u_interface.u_compute_core.scaled_valid,64.58
_0795_,64.49
_1646_,64.48
_0544_,64.21
_1570_,64.12
_2832_,63.61
_2601_,63.42
net50,63.3
u_interface.u_compute_core.relu_data\[12\],63.2
net17,62.76
net39,62.52
net36,62.48
u_interface.u_compute_core.mac_accum\[10\],62.1
u_interface.u_compute_core.u_av.product_reg\[9\],62.06
u_interface.u_compute_core.u_av.product_reg\[29\],61.92
_2592_,61.54
_2586_,61.32
_3014_,61.105
net126,60.78
_1790_,60.52
_0711_,60.46
u_interface.u_compute_core.mac_accum\[9\],60.28
net28,60.12
clknet_leaf_9_clk,60.12
_1142_,60.04
u_interface.u_compute_core.mac_accum\[19\],60.01
net18,59.64
u_interface.u_compute_core.scaled_data\[3\],59.335
_0767_,58.98
u_interface.u_compute_core.mac_accum\[24\],58.86
_1214_,58.72
net37,58.58
net9,58.515
u_interface.u_compute_core.mac_accum\[12\],58.36
u_interface.u_compute_core.u_mac.product_reg\[7\],58.26
_0546_,58.16
_0584_,57.88
u_interface.u_compute_core.mac_accum\[8\],57.86
_0870_,57.4
_0487_,57.26
u_interface.u_compute_core.scaled_data\[2\],57.185
_1806_,57.1
_1192_,57.04
_0918_,57.01
_1509_,57
_0409_,56.84
_0964_,56.8
_2930_,56.62
_2928_,56.6
net24,56.33
u_interface.u_compute_core.relu_data\[27\],55.87
_1002_,55.84
_1670_,55.36
u_interface.u_compute_core.u_av.product_reg\[15\],55.2
_1191_,55
_1077_,54.49
_0917_,54.38
net33,54.18
u_interface.core_attn_out\[3\],53.96
_1120_,53.88
net71,53.78
_0324_,53.71
_0665_,53.26
net41,53.06
u_interface.u_compute_core.relu_data\[20\],53.055
_1475_,53
_1801_,52.9
u_interface.u_compute_core.u_av.product_reg\[8\],52.46
_2863_,52
_1302_,51.985
_0286_,51.92
net95,51.72
clknet_leaf_6_clk,51.56
_1879_,51.52
_2110_,51.26
u_interface.u_compute_core.u_av.product_reg\[12\],51.2
_1644_,50.795
u_interface.u_compute_core.u_av.product_reg\[28\],50.72
_1597_,50.4
_0947_,50.27
_2655_,50.195
_0903_,49.86
u_interface.u_compute_core.mac_accum\[11\],49.8
_1878_,49.36
u_interface.u_compute_core.mac_accum\[13\],49.2
_2024_,48.96
_0807_,48.92
u_interface.u_compute_core.u_mac.product_reg\[14\],48.7
_0902_,48.68
_2079_,48.6
_1079_,48.5
net1,48.36
net55,48.34
net114,48.1
u_interface.u_compute_core.u_av.product_reg\[14\],48.04
_2660_,47.92
u_interface.u_compute_core.mac_accum\[3\],47.64
net60,47.62
net3,47.2
_1796_,47.06
net38,46.9
_2982_,46.8
_1190_,46.7
_0269_,46.66
_1031_,46.66
_1422_,46.52
_2113_,46.32
_1296_,46.04
net51,46.04
net40,45.86
_1514_,45.58
_1380_,45.52
_2023_,45.45
_1472_,45.08
u_interface.u_compute_core.scaled_data\[9\],44.995
_1067_,44.95
_0908_,44.42
_1374_,44.42
_1977_,44.42
u_interface.core_attn_out\[0\],44.3
_0910_,44.2
u_interface.u_compute_core.u_av.product_reg\[3\],44.12
_1963_,43.84
_1567_,43.68
clknet_leaf_1_clk,43.62
_2629_,43.54
_1812_,43.28
net13,43.28
_2784_,43.1
_0410_,43.06
_1827_,42.96
net82,42.9
_0810_,42.88
_0275_,42.79
clknet_leaf_3_clk,42.64
_1721_,42.48
u_interface.u_compute_core.u_av.product_reg\[16\],42.44
_1735_,42.4
_1748_,42.4
_1873_,42.32
_1381_,42.24
_3016_,42.22
_0635_,42.14
u_interface.u_compute_core.u_av.product_reg\[17\],42.1
_1971_,42.06
u_interface.u_compute_core.u_av.product_reg\[5\],41.86
_1358_,41.56
u_interface.u_compute_core.scaled_data\[1\],41.555
_0851_,41.4
_2108_,41.34
u_interface.u_compute_core.mac_accum\[4\],41.34
_1626_,41.08
_1656_,41.06
u_interface.core_attn_out\[4\],40.96
_1826_,40.82
_0850_,40.77
u_interface.u_compute_core.relu_data\[14\],40.46
_1493_,40.43
u_interface.u_compute_core.mac_accum\[5\],40.17
u_interface.u_compute_core.mac_accum\[30\],40.06
_1303_,39.84
_1143_,39.58
_2658_,39.52
_2887_,39.52
_0325_,39.24
_1205_,39.22
_1606_,39.18
u_interface.u_compute_core.relu_data\[3\],39.12
u_interface.u_compute_core.relu_data\[23\],39.095
clknet_leaf_5_clk,38.94
_1745_,38.84
_2843_,38.81
u_interface.u_compute_core.u_mac.product_reg\[11\],38.8
_0927_,38.66
_0414_,38.62
net42,38.56
_1600_,38.46
u_interface.u_compute_core.u_mac.product_reg\[13\],38.44
_1416_,38.32
_1440_,38.32
u_interface.core_attn_out\[9\],38.2
_1217_,38.14
u_interface.u_compute_core.u_av.product_reg\[6\],38.03
_1410_,37.8
_1446_,37.8
_1539_,37.72
_2286_,37.52
_1153_,37.44
_0657_,37.38
_1795_,37.34
_0222_,37.3
_1170_,37.3
_1789_,37.2
_1392_,36.92
_0371_,36.66
_0852_,36.6
_1241_,36.535
_1350_,36.5
_1588_,36.5
_1288_,36.18
_1594_,36.1
u_interface.u_compute_core.mac_accum\[6\],36
_0754_,35.81
_0608_,35.72
_0631_,35.72
_1719_,35.72
_0814_,35.6
_0310_,35.455
u_interface.u_compute_core.u_av.product_reg\[7\],35.34
_1227_,35.2
_0576_,35.18
_1057_,35.18
u_interface.u_compute_core.relu_data\[22\],34.96
_0907_,34.92
u_interface.u_compute_core.u_mac.product_reg\[9\],34.9
_0693_,34.86
_1728_,34.86
_1319_,34.5
u_interface.core_attn_out\[18\],34.5
_1438_,34.48
net52,34.48
_1586_,34.42
_1387_,34.4
_2641_,34.38
_0320_,34.36
_1351_,34.34
_1494_,34.3
u_interface.u_compute_core.u_av.product_reg\[25\],34.28
u_interface.core_attn_out\[22\],34.24
u_interface.u_compute_core.mac_accum\[26\],34.24
_0747_,34.18
u_interface.u_compute_core.u_av.product_reg\[18\],34.11
_2620_,34.06
_1404_,33.98
_0965_,33.92
_1765_,33.84
_1601_,33.82
u_interface.u_compute_core.mac_accum\[28\],33.68
_0281_,33.26
u_interface.u_compute_core.mac_accum\[25\],33.1
_1981_,33.06
_2048_,33.06
net32,33.02
u_interface.u_compute_core.mac_accum\[22\],32.935
_0768_,32.78
_0703_,32.68
u_interface.core_attn_out\[20\],32.57
_1845_,32.56
net49,32.56
u_interface.core_attn_out\[1\],32.44
net5,32.395
u_interface.u_compute_core.u_av.product_reg\[24\],32.35
u_interface.u_compute_core.scaled_data\[8\],32.135
_1344_,32.08
_1245_,32.06
net133,32.06
_1890_,32.04
_1510_,32.02
_2270_,31.96
u_interface.u_compute_core.u_av.product_reg\[23\],31.94
_1543_,31.9
u_interface.u_compute_core.u_mac.product_reg\[6\],31.82
u_interface.core_attn_out\[27\],31.68
_0793_,31.66
_1690_,31.66
_1130_,31.52
_2818_,31.44
u_interface.u_compute_core.u_mac.product_reg\[10\],31.42
net10,31.42
_1390_,31.36
_1889_,31.34
_0572_,31.24
net25,31.24
_1817_,31.18
net30,31.18
_1730_,31.14
u_interface.u_compute_core.relu_data\[10\],31.1
_1870_,31.08
u_interface.core_attn_out\[8\],31.04
u_interface.u_compute_core.mac_accum\[20\],31
_0894_,30.94
_1125_,30.9
net56,30.88
net53,30.8
_2824_,30.76
_2161_,30.72
_2021_,30.7
_2496_,30.6
_2058_,30.58
net23,30.4
_2176_,30.36
net120,30.36
_0721_,30.3
_0934_,30.3
net8,30.28
_1615_,30.24
_1248_,30.18
_0846_,30.14
u_interface.u_compute_core.u_av.product_reg\[26\],30
_0773_,29.98
_1974_,29.9
_1166_,29.86
u_interface.u_compute_core.u_av.product_reg\[4\],29.82
u_interface.u_compute_core.mac_accum\[29\],29.72
net127,29.72
_2246_,29.56
_1213_,29.54
_1749_,29.54
_0815_,29.5
net31,29.5
_0645_,29.48
_1314_,29.42
net29,29.42
_0649_,29.36
_1638_,29.36
_0946_,29.32
clknet_leaf_21_clk,29.32
_0593_,29.3
u_interface.core_attn_out\[16\],29.3
net48,29.26
u_interface.u_compute_core.u_av.product_reg\[21\],29.2
_0933_,29.16
_0949_,29.14
s_tdata[7],29.14
_2016_,29.08
_0942_,28.96
net4,28.94
_0623_,28.92
_1194_,28.92
_0796_,28.86
_0647_,28.82
u_interface.u_compute_core.scaled_data\[7\],28.745
_2198_,28.7
_1265_,28.68
_1808_,28.6
_0699_,28.58
_0736_,28.58
u_interface.u_compute_core.relu_data\[11\],28.56
_2156_,28.48
_1189_,28.46
_1197_,28.42
_0643_,28.4
_0707_,28.4
_1354_,28.39
_0663_,28.36
_2243_,28.36
_1469_,28.26
_0600_,28.08
_0698_,28.08
u_interface.core_attn_out\[13\],28.02
_2068_,28
_1275_,27.94
u_interface.u_compute_core.mac_accum\[16\],27.92
u_interface.u_compute_core.mac_accum\[17\],27.76
_2438_,27.7
_1329_,27.66
_0304_,27.62
_2130_,27.62
net119,27.6
_2311_,27.59
_1619_,27.5
u_interface.core_attn_out\[11\],27.5
_1266_,27.44
_1486_,27.44
net74,27.38
_1317_,27.36
_1657_,27.36
_2210_,27.24
_0704_,27.14
_1506_,27.12
_1414_,27
_2217_,27
_1648_,26.86
_0653_,26.82
u_interface.core_attn_out\[29\],26.735
_1666_,26.7
net15,26.69
_1174_,26.68
_0901_,26.64
_2109_,26.64
u_interface.u_compute_core.u_mac.product_reg\[5\],26.64
_1541_,26.58
_0911_,26.5
_1362_,26.48
_1928_,26.36
_2990_,26.34
_2862_,26.32
_0818_,26.24
net6,26.11
_0326_,26.06
_1599_,26.04
_1592_,25.94
_0420_,25.92
_1146_,25.905
u_interface.u_compute_core.relu_data\[24\],25.9
net57,25.9
_2909_,25.8
_1716_,25.72
_1394_,25.68
_1669_,25.54
u_interface.u_compute_core.u_mac.product_reg\[4\],25.52
net16,25.52
_0886_,25.44
_0734_,25.38
_0712_,25.29
_0783_,25.24
u_interface.u_compute_core.u_av.product_reg\[19\],25.24
net59,25.22
u_interface.core_attn_out\[19\],25.12
_1121_,25.1
_2063_,25.02
_0988_,25
_1307_,24.98
u_interface.u_compute_core.u_av.product_reg\[20\],24.98
_1686_,24.96
_0944_,24.94
u_interface.u_compute_core.u_av.product_reg\[22\],24.94
_1058_,24.9
_1480_,24.9
u_interface.u_compute_core.relu_data\[4\],24.875
_2147_,24.86
u_interface.u_compute_core.u_mac.product_reg\[0\],24.84
_2381_,24.82
_1099_,24.78
_3005_,24.78
u_interface.u_compute_core.mac_accum\[14\],24.76
_0892_,24.7
_0924_,24.7
_0636_,24.68
_2396_,24.68
_2839_,24.68
_1437_,24.64
_1931_,24.64
u_interface.u_compute_core.mac_accum\[27\],24.6
_0225_,24.58
_1518_,24.52
_2037_,24.52
_2298_,24.52
_0777_,24.46
_2947_,24.42
_0620_,24.36
_2387_,24.36
_0569_,24.32
_0914_,24.3
_1196_,24.28
_2911_,24.26
u_interface.core_attn_out\[2\],24.25
_1040_,24.24
_1818_,24.18
clknet_leaf_7_clk,24.1
_2479_,24
_0939_,23.96
_2993_,23.96
_1206_,23.92
u_interface.core_attn_out\[7\],23.86
_2751_,23.8
_2073_,23.78
_1466_,23.66
_1883_,23.66
_2428_,23.66
_2950_,23.66
_1403_,23.6
_2383_,23.54
_1713_,23.5
_2845_,23.46
_0673_,23.42
_1073_,23.42
_1515_,23.38
net54,23.38
_0875_,23.36
_0845_,23.34
_1097_,23.26
_1482_,23.16
u_interface.u_compute_core.mac_accum\[18\],23.16
_0992_,23.14
_2585_,23.13
_2186_,23.12
_1964_,23.08
net118,23.08
_1244_,23.06
_2157_,23.04
_0412_,23.02
_2118_,22.98
_2502_,22.96
_2336_,22.94
net58,22.92
u_interface.u_compute_core.mac_accum\[15\],22.88
_1487_,22.82
_1253_,22.815
_1011_,22.8
_2602_,22.72
_2769_,22.72
_3009_,22.7
_2484_,22.68
_0732_,22.64
_0423_,22.63
u_interface.u_compute_core.u_mac.product_reg\[12\],22.58
_1397_,22.56
_2004_,22.56
_2415_,22.55
_0928_,22.54
_1312_,22.54
_2920_,22.54
_1522_,22.48
_0642_,22.46
_2115_,22.44
_2269_,22.4
u_interface.u_compute_core.mac_accum\[21\],22.38
_1904_,22.36
_2436_,22.3
_0247_,22.28
_0904_,22.28
_1249_,22.28
u_interface.u_compute_core.mac_accum\[31\],22.26
_0916_,22.22
_0999_,22.2
_1988_,22.18
_0448_,22.16
_2593_,22.16
u_interface.u_compute_core.scaled_data\[5\],22.155
_0749_,22.14
_1114_,22.14
_2053_,22.12
_1342_,22.1
_0283_,22.04
_1902_,22.04
u_interface.u_compute_core.u_mac.product_reg\[1\],22.04
u_interface.core_attn_out\[12\],21.92
_0897_,21.84
_1707_,21.84
_1093_,21.82
_1252_,21.8
_1237_,21.76
_2796_,21.7
u_interface.core_attn_out\[10\],21.7
_2357_,21.63
_0940_,21.62
_1356_,21.62
_1272_,21.6
_0242_,21.4
_1825_,21.4
_1852_,21.4
_0509_,21.38
net62,21.36
_1807_,21.34
_2355_,21.34
_1138_,21.32
_0611_,21.29
u_interface.u_compute_core.scaled_data\[6\],21.285
_2447_,21.28
_1798_,21.26
_2093_,21.26
_0615_,21.22
_1520_,21.22
_2656_,21.22
_1415_,21.2
_1821_,21.2
_0356_,21.19
_1365_,21.18
_2919_,21.18
_2896_,21.16
_1994_,21.1
u_interface.u_compute_core.mac_accum\[0\],21.1
_0394_,21.08
_0337_,21.04
_1277_,20.94
_2948_,20.92
_2159_,20.9
u_interface.core_attn_out\[21\],20.88
_0226_,20.8
_2222_,20.8
_1898_,20.76
_0621_,20.73
_1207_,20.7
_2861_,20.7
_0650_,20.66
_1034_,20.66
_1328_,20.66
_1372_,20.66
_0234_,20.64
_1195_,20.64
_2872_,20.62
_2120_,20.6
_0390_,20.58
_1254_,20.58
_0426_,20.5
_1271_,20.5
_1841_,20.5
_0728_,20.42
_2865_,20.38
_3010_,20.34
_1926_,20.32
_2054_,20.32
_2984_,20.31
_0239_,20.28
_1098_,20.28
_1559_,20.28
net45,20.14
_3008_,20.1
u_interface.u_compute_core.mac_last,20.1
_1310_,20.08
u_interface.u_compute_core.relu_data\[0\],20.08
_0847_,20.02
_0974_,19.98
_2362_,19.98
_1693_,19.95
_1766_,19.9
_2434_,19.86
_0769_,19.84
_2142_,19.82
_2382_,19.8
_2450_,19.8
_1373_,19.77
_0803_,19.76
_2765_,19.715
_0962_,19.7
net47,19.7
_1154_,19.58
_2653_,19.58
_0966_,19.5
_1813_,19.48
_1131_,19.46
_2827_,19.46
_2121_,19.44
_0268_,19.42
_0341_,19.42
_0844_,19.42
_2432_,19.42
_2103_,19.4
u_interface.core_attn_out\[6\],19.4
_1468_,19.38
_2356_,19.36
_0688_,19.34
_1895_,19.34
_0355_,19.32
_1456_,19.32
_2087_,19.26
net43,19.26
_2904_,19.25
u_interface.u_compute_core.scaled_data\[4\],19.245
_0397_,19.24
_0779_,19.22
_1633_,19.22
_2868_,19.22
_0243_,19.2
_0367_,19.08
_2476_,19.08
_1747_,19.06
_1631_,19.055
_1942_,19.04
_0672_,18.98
_1888_,18.98
_0345_,18.94
_2277_,18.94
_1212_,18.9
_1193_,18.88
_1134_,18.87
_0753_,18.86
_0539_,18.84
_1225_,18.84
_1361_,18.82
_1881_,18.78
_2163_,18.76
_1916_,18.7
_2963_,18.68
_0730_,18.66
_2938_,18.64
_1629_,18.62
_1427_,18.58
_1068_,18.56
_2223_,18.54
_1101_,18.52
_1547_,18.48
net124,18.48
_1006_,18.44
_1843_,18.42
_1229_,18.4
_1218_,18.36
_1849_,18.32
_0359_,18.28
_2129_,18.24
_1785_,18.2
_1333_,18.18
_2749_,18.14
_0639_,18.08
_1996_,18.06
_2284_,18.06
_2248_,18.04
_1109_,18.02
_1591_,18.02
_2737_,18.02
_0998_,18
_3012_,17.94
_1913_,17.88
_0398_,17.82
_0667_,17.8
_2483_,17.8
_1050_,17.78
_2185_,17.74
_2240_,17.74
_2891_,17.74
_1823_,17.72
_0805_,17.68
_2144_,17.68
_1868_,17.66
_1409_,17.62
_2314_,17.58
_0853_,17.54
_1920_,17.54
net131,17.54
_0459_,17.48
_1630_,17.46
_2421_,17.46
_0518_,17.4
_1859_,17.4
_2878_,17.4
_1391_,17.38
_1911_,17.38
_0614_,17.36
net128,17.36
_1269_,17.32
_2985_,17.32
_1720_,17.3
_1180_,17.28
_2873_,17.27
_1346_,17.26
_1753_,17.22
_2134_,17.2
_0570_,17.16
_0311_,17.12
_0782_,17.12
_2074_,17.12
_2034_,17.08
_0659_,17.06
_1071_,17.04
_1321_,17.025
_1402_,17
_2903_,17
_0921_,16.98
_0926_,16.94
_2009_,16.92
_1844_,16.9
_0884_,16.88
_2603_,16.88
_1118_,16.86
_1871_,16.85
_0945_,16.84
u_interface.u_compute_core.u_mac.product_reg\[2\],16.83
_1551_,16.82
_1400_,16.78
_2394_,16.78
_1653_,16.77
_1769_,16.75
_1521_,16.72
_1855_,16.72
_1984_,16.7
_2173_,16.7
_2376_,16.7
_1780_,16.62
_1874_,16.62
_1467_,16.6
_1899_,16.52
_0289_,16.5
_0775_,16.49
_0822_,16.48
_1186_,16.48
_1727_,16.46
_2411_,16.46
net46,16.42
_0562_,16.4
_0975_,16.4
_1300_,16.38
_1554_,16.38
_2069_,16.38
_3025_,16.34
_2474_,16.32
_0380_,16.3
_0781_,16.3
_0439_,16.26
_2348_,16.26
net130,16.26
_1219_,16.24
_0877_,16.2
_0941_,16.18
net129,16.14
_0285_,16.12
_2674_,16.12
_1136_,16.1
_0229_,16.08
_2764_,16.08
_0619_,16.06
u_interface.u_compute_core.mac_accum\[1\],16.06
_0463_,16.04
_1922_,16.02
_2360_,16.02
_2407_,16.02
_0431_,16
u_interface.core_attn_out\[15\],15.98
_0106_,15.965
_2408_,15.95
_0979_,15.94
_1324_,15.94
_1663_,15.94
_2504_,15.94
net44,15.94
_1694_,15.92
_1628_,15.9
_0771_,15.88
_1267_,15.88
_0995_,15.85
_0943_,15.84
_1695_,15.84
_1945_,15.84
_2369_,15.84
_0531_,15.8
_0748_,15.8
_1051_,15.8
_0889_,15.78
u_interface.core_attn_out\[31\],15.78
_0836_,15.77
_0849_,15.76
_1263_,15.76
_2367_,15.76
u_interface.u_compute_core.u_av.product_reg\[27\],15.76
_1147_,15.72
_2441_,15.72
_0279_,15.7
_0785_,15.68
_1562_,15.68
_1771_,15.68
_2802_,15.68
_0519_,15.64
_1159_,15.62
_1553_,15.62
_1313_,15.6
_1910_,15.6
_1552_,15.58
u_interface.core_attn_out\[25\],15.58
_2135_,15.56
_2238_,15.56
u_interface.core_attn_out\[23\],15.56
_0958_,15.52
_2390_,15.52
_0906_,15.5
_0662_,15.48
_1119_,15.48
_0714_,15.46
_1834_,15.44
_2852_,15.44
_2882_,15.42
_2942_,15.41
_0677_,15.4
_2335_,15.4
_0517_,15.36
_1428_,15.36
_0236_,15.34
_1950_,15.34
_0856_,15.3
_1023_,15.3
_2083_,15.28
_2763_,15.28
_0276_,15.26
_1144_,15.26
_2492_,15.26
_2918_,15.26
_0674_,15.24
_1201_,15.24
_1090_,15.22
_1200_,15.22
_1320_,15.22
_2180_,15.22
_1239_,15.2
_0993_,15.18
_1711_,15.18
_2097_,15.18
_2344_,15.18
_1162_,15.16
_2203_,15.16
_0262_,15.14
_1292_,15.12
_0379_,15.1
_1938_,15.1
_2371_,15.1
_2794_,15.1
_2915_,15.1
_0567_,15.08
_1708_,15.08
_1003_,15.06
_1318_,15.06
_2742_,15.02
_0959_,15
_0299_,14.96
u_interface.core_attn_out\[26\],14.96
_0240_,14.92
_0389_,14.92
_1167_,14.9
_0727_,14.88
_2031_,14.88
_2766_,14.88
_2991_,14.88
_1104_,14.86
_2738_,14.86
_0605_,14.84
_1032_,14.84
_1442_,14.84
_1746_,14.84
_1323_,14.82
_1927_,14.82
_1171_,14.81
_0297_,14.8
_1417_,14.765
_0248_,14.76
_0327_,14.76
_0346_,14.76
_0375_,14.76
_1012_,14.76
_1231_,14.76
_2932_,14.76
_1891_,14.74
_2374_,14.74
_1236_,14.7
_1306_,14.7
_1473_,14.68
_1797_,14.66
_0925_,14.62
_2875_,14.62
_1160_,14.6
_1947_,14.6
_2836_,14.6
_2084_,14.58
u_interface.u_compute_core.relu_data\[1\],14.58
_1330_,14.56
_2082_,14.56
_2898_,14.56
_1014_,14.52
_1308_,14.52
_1524_,14.52
_2616_,14.5
_0817_,14.48
net63,14.44
_0553_,14.42
_1531_,14.42
_2085_,14.42
u_interface.core_attn_out\[24\],14.42
_1132_,14.4
_0968_,14.38
_1702_,14.38
_0080_,14.365
_0573_,14.34
_1401_,14.32
_2047_,14.32
_1110_,14.3
_1140_,14.3
_1661_,14.3
_1712_,14.28
_2049_,14.28
_0481_,14.26
_0842_,14.26
_1355_,14.26
_2151_,14.26
net72,14.26
_1564_,14.24
_1035_,14.22
_1706_,14.22
_1545_,14.2
_0419_,14.16
_2855_,14.16
_0291_,14.14
_1540_,14.14
_2139_,14.14
_2011_,14.12
_2152_,14.12
_0843_,14.115
_2050_,14.1
_2908_,14.1
_0475_,14.08
_0899_,14.08
_1425_,14.06
_1979_,14.03
_0682_,14.02
_1376_,14.02
_1917_,14
_2759_,14
_0241_,13.98
_0675_,13.98
_2848_,13.98
_0566_,13.96
_0929_,13.96
_1078_,13.96
_1637_,13.92
_1863_,13.92
_0260_,13.9
_2952_,13.9
_2423_,13.89
_0223_,13.88
_0848_,13.88
_1991_,13.88
_2305_,13.88
_3037_,13.88
_1675_,13.86
_0450_,13.85
_1232_,13.84
_1347_,13.84
_0369_,13.82
u_interface.core_attn_out\[28\],13.82
_2452_,13.8
_0460_,13.76
_1076_,13.76
_2812_,13.76
_2998_,13.745
_0784_,13.74
_0585_,13.72
_1345_,13.72
_2427_,13.72
_1164_,13.7
_0954_,13.68
_2384_,13.66
_2632_,13.66
_2892_,13.65
_1848_,13.64
_2124_,13.6
_2349_,13.6
_1574_,13.58
_2523_,13.58
_0834_,13.56
_2900_,13.56
_0854_,13.54
_0678_,13.52
_1736_,13.52
_1965_,13.52
_2775_,13.52
_2799_,13.52
_1044_,13.5
_1682_,13.5
_3033_,13.5
net88,13.5
_2962_,13.48
_1215_,13.47
_1048_,13.46
_2777_,13.46
_1293_,13.44
_1089_,13.42
_1238_,13.42
_1242_,13.42
_1485_,13.42
_0839_,13.4
_0994_,13.4
_2025_,13.4
_2140_,13.4
_0427_,13.38
_1021_,13.38
_1966_,13.38
_0512_,13.36
_0997_,13.36
_2184_,13.36
_1116_,13.34
_2187_,13.34
_2853_,13.34
_1925_,13.32
_1278_,13.3
_1364_,13.3
_2131_,13.28
_0788_,13.26
_1080_,13.26
_1555_,13.26
_2490_,13.26
_2807_,13.26
_2874_,13.26
_2820_,13.255
_0840_,13.245
_0301_,13.24
_0809_,13.22
_2312_,13.22
net65,13.215
_0581_,13.2
_1202_,13.18
_2974_,13.18
_2988_,13.18
_1542_,13.16
_0759_,13.14
_1598_,13.14
_1536_,13.13
_1000_,13.1
_1084_,13.1
_1548_,13.1
_2752_,13.1
_3041_,13.1
_0919_,13.08
_2197_,13.08
_2315_,13.08
_1960_,13.06
_2032_,13.06
_2300_,13.06
_1436_,13.04
_1754_,13.04
_2790_,13.04
_0955_,13.02
_2331_,13.02
_0591_,13
_2177_,13
_0689_,12.98
_1128_,12.98
_2022_,12.98
_0246_,12.97
_1865_,12.96
_2299_,12.94
_0801_,12.92
_0826_,12.92
_0887_,12.92
_1008_,12.92
_1094_,12.92
_2000_,12.92
_2196_,12.92
_0017_,12.9
_1683_,12.88
_2007_,12.88
_1750_,12.84
_2236_,12.84
_2470_,12.84
_1181_,12.82
_2663_,12.82
_0110_,12.805
_2493_,12.8
u_interface.core_attn_out\[30\],12.8
_2460_,12.78
_1424_,12.75
_2086_,12.72
_2061_,12.7
_0684_,12.68
_0307_,12.66
_0724_,12.64
_2182_,12.64
_2375_,12.64
_0323_,12.62
_1150_,12.62
_2614_,12.62
_0637_,12.6
_1649_,12.6
_2426_,12.6
_2817_,12.6
_0644_,12.58
_1184_,12.58
_1279_,12.58
_0996_,12.56
_3039_,12.56
_0406_,12.54
_1070_,12.54
_1602_,12.54
_2801_,12.54
_2448_,12.525
_1222_,12.52
_2455_,12.52
net113,12.52
_0555_,12.5
_0873_,12.5
_2302_,12.5
_1063_,12.48
_1886_,12.48
_2377_,12.48
_2830_,12.48
_1247_,12.46
_1847_,12.46
_1872_,12.46
u_interface.u_compute_core.mac_accum\[2\],12.46
_1339_,12.44
_1461_,12.44
_2361_,12.42
_2757_,12.42
u_interface.core_attn_out\[5\],12.42
_0440_,12.4
_1479_,12.38
_1489_,12.38
_2096_,12.38
_0738_,12.36
_2044_,12.36
_0679_,12.34
_1784_,12.34
_3003_,12.34
_0766_,12.3
_1005_,12.3
_0745_,12.26
_1894_,12.26
_2869_,12.26
_2871_,12.24
_0119_,12.205
_0204_,12.2
_0956_,12.2
_1175_,12.2
_1665_,12.2
_0765_,12.18
_0770_,12.18
_2402_,12.18
_1986_,12.16
_2921_,12.16
net7,12.16
_1017_,12.155
_1085_,12.14
_1692_,12.14
_1998_,12.14
_2046_,12.14
net73,12.14
_1182_,12.12
_0306_,12.1
_0838_,12.1
_1352_,12.1
_1732_,12.1
_2168_,12.1
_0545_,12.08
_0786_,12.08
_1172_,12.08
_1363_,12.08
_2341_,12.08
_2983_,12.08
u_interface.core_attn_out\[14\],12.08
_1393_,12.06
_1875_,12.06
_2758_,12.06
_1199_,12.05
_0706_,12.04
_2442_,12.04
_2964_,12.04
_3027_,12.04
u_interface.u_compute_core.u_mac.product_reg\[3\],12.04
_0329_,12.03
_1460_,12.03
_0880_,12.02
_2987_,12.02
_0758_,12
_0923_,12
_1334_,12
_1383_,12
_1452_,12
_2232_,12
_0308_,11.96
_1198_,11.96
_2978_,11.96
_0224_,11.94
_0676_,11.92
_1761_,11.9
_1378_,11.86
_1805_,11.86
_0802_,11.84
_0978_,11.82
_1102_,11.82
_1060_,11.8
_1111_,11.8
_0507_,11.78
_1127_,11.78
_1145_,11.78
_2700_,11.78
_1025_,11.76
_1026_,11.76
_1700_,11.76
_1983_,11.76
_1315_,11.74
_0616_,11.73
_1059_,11.7
_1088_,11.7
_1896_,11.68
_2224_,11.68
_2368_,11.68
_2989_,11.68
_0465_,11.66
_1095_,11.66
_1283_,11.66
_1743_,11.66
_0257_,11.64
_0449_,11.64
_1673_,11.64
_1224_,11.62
_1367_,11.62
_0233_,11.59
_0859_,11.59
_0568_,11.58
_0778_,11.58
_0950_,11.58
_1667_,11.58
_2409_,11.58
_2682_,11.58
_0542_,11.56
_2206_,11.56
_0171_,11.545
_1722_,11.54
_2200_,11.52
_1696_,11.5
_1905_,11.48
_1672_,11.46
_1738_,11.44
_1815_,11.44
_0358_,11.42
_3034_,11.42
_2403_,11.4
_1924_,11.38
_1568_,11.36
_1478_,11.34
_0213_,11.32
_0963_,11.32
_1033_,11.32
_2497_,11.32
_2849_,11.32
_0606_,11.3
_2052_,11.3
_2350_,11.3
_2803_,11.3
_0627_,11.28
_1256_,11.28
_1788_,11.28
_0561_,11.24
_1264_,11.24
_2260_,11.24
_2324_,11.24
_0141_,11.235
_2779_,11.22
_1752_,11.21
_0582_,11.2
_1316_,11.2
_1453_,11.2
_1463_,11.2
_1763_,11.2
_1907_,11.2
_2573_,11.2
_0799_,11.18
_1285_,11.18
_0404_,11.16
_1322_,11.16
_1709_,11.16
u_interface.u_compute_core.relu_data\[8\],11.16
_0661_,11.14
s_tvalid,11.14
_0705_,11.13
_0715_,11.12
_2227_,11.12
_2606_,11.12
_0274_,11.1
_0466_,11.1
_0787_,11.1
_1395_,11.085
_0455_,11.08
_0726_,11.08
_1528_,11.08
_1829_,11.08
_2395_,11.08
_3042_,11.08
_0273_,11.06
_0445_,11.06
net98,11.06
net191,11.055
_0828_,11.04
_1882_,11.03
_0175_,11.02
_2316_,11
_0952_,10.96
_2330_,10.96
_2114_,10.94
_1290_,10.92
_1701_,10.92
_1781_,10.92
_2332_,10.92
_2165_,10.88
_0833_,10.86
_1503_,10.86
_2776_,10.86
_0441_,10.84
_0717_,10.84
_0841_,10.84
_1096_,10.84
_1933_,10.84
_0530_,10.82
_0760_,10.82
_1407_,10.82
_1703_,10.82
_1151_,10.8
_0074_,10.785
_0804_,10.78
_1634_,10.78
_2366_,10.78
_3023_,10.78
_0443_,10.76
_1499_,10.76
_0210_,10.74
_0874_,10.74
_1742_,10.74
_1759_,10.74
_0376_,10.72
_0609_,10.72
_3024_,10.72
_0035_,10.705
_0664_,10.7
_0697_,10.7
_1075_,10.7
_1603_,10.7
_1866_,10.7
_1973_,10.7
_2188_,10.7
_2242_,10.7
_2895_,10.7
_3002_,10.7
_1488_,10.68
_1546_,10.68
_1972_,10.66
_2211_,10.66
_2934_,10.66
_0124_,10.655
_0862_,10.64
_1421_,10.64
_0670_,10.62
_0794_,10.62
_1430_,10.62
_1724_,10.62
_2213_,10.62
u_interface.core_attn_out\[17\],10.62
_0808_,10.6
_1273_,10.6
_2536_,10.6
_1861_,10.58
_2541_,10.58
_2537_,10.56
_1814_,10.54
_2002_,10.54
_0429_,10.52
_0293_,10.5
_1561_,10.5
_0469_,10.46
_0687_,10.46
_1062_,10.46
_1122_,10.46
_1439_,10.46
_2565_,10.46
_2744_,10.46
_3036_,10.46
_1187_,10.44
_1792_,10.44
_2094_,10.42
_1741_,10.4
_1282_,10.38
_1612_,10.38
_0205_,10.36
_1370_,10.36
_2956_,10.36
_0280_,10.34
_2229_,10.34
_2233_,10.34
net155,10.34
_1635_,10.32
_0864_,10.3
_1235_,10.3
net110,10.3
_1268_,10.28
_1457_,10.28
_1832_,10.28
_1978_,10.28
_2057_,10.28
_2170_,10.28
_2337_,10.28
net75,10.28
net169,10.28
_1535_,10.26
_2864_,10.26
_1100_,10.24
_1557_,10.24
_2154_,10.24
_1484_,10.22
_0415_,10.2
_0655_,10.2
_1718_,10.2
_2117_,10.2
_1523_,10.18
_1715_,10.18
_2146_,10.18
_2524_,10.18
_0691_,10.16
_0829_,10.16
_1616_,10.16
_1772_,10.16
_2543_,10.16
_2013_,10.12
s_tdata[12],10.1
_1343_,10.08
_1632_,10.08
_1909_,10.08
_2042_,10.08
_2190_,10.08
_2505_,10.08
_1589_,10.06
_2461_,10.06
_1527_,10.04
_3004_,10.04
_1294_,10.02
_0599_,10
_1047_,10
_1406_,10
_1930_,10
_0861_,9.98
_0476_,9.96
_1255_,9.96
_1838_,9.96
_2059_,9.96
_2837_,9.96
_2901_,9.96
_0514_,9.94
_1822_,9.94
_2313_,9.94
_2651_,9.94
_2858_,9.94
_0212_,9.935
_0254_,9.92
_1061_,9.92
_1257_,9.92
_1962_,9.92
_2811_,9.92
_1234_,9.9
_1579_,9.9
_0878_,9.88
_2456_,9.88
_2951_,9.88
_2980_,9.88
_0007_,9.865
_0284_,9.86
_2065_,9.86
_2927_,9.86
_2981_,9.86
_1595_,9.84
_1778_,9.84
_2076_,9.84
_0824_,9.82
_1270_,9.82
_1517_,9.82
_2028_,9.82
_1678_,9.8
_0532_,9.78
_0720_,9.78
_2178_,9.78
_2338_,9.78
_2850_,9.78
net78,9.78
_0290_,9.74
_0396_,9.74
_1007_,9.74
_1091_,9.74
_1519_,9.74
_2160_,9.74
_2888_,9.74
_0403_,9.72
_1643_,9.72
_2851_,9.72
_2860_,9.72
_0238_,9.7
_0579_,9.7
_1161_,9.7
_1757_,9.7
_2955_,9.7
_0335_,9.68
_1448_,9.68
_2370_,9.68
_1223_,9.675
_2029_,9.66
_3040_,9.66
m_tready,9.64
s_tdata[10],9.64
s_tdata[18],9.64
_0538_,9.62
_1029_,9.62
_1045_,9.62
_1054_,9.62
_2540_,9.62
_2966_,9.62
_2971_,9.62
_1210_,9.6
_1418_,9.6
_1751_,9.59
_0104_,9.585
_0438_,9.58
_0969_,9.58
_1203_,9.58
_1284_,9.58
_2003_,9.58
u_interface.u_compute_core.u_mac.product_reg\[8\],9.58
_1028_,9.54
_2454_,9.54
_2883_,9.54
_0520_,9.52
_0986_,9.52
net173,9.52
net215,9.52
_2214_,9.515
_0411_,9.5
_0746_,9.5
_1455_,9.5
_1566_,9.5
_2014_,9.5
_2155_,9.5
_0144_,9.495
_1246_,9.48
_1504_,9.48
_1824_,9.48
_2513_,9.48
_2627_,9.48
net154,9.48
net158,9.48
_0416_,9.46
_2228_,9.46
_0366_,9.44
_0865_,9.44
_1149_,9.44
_2690_,9.44
net68,9.44
_2417_,9.43
_1642_,9.42
_1975_,9.42
_2412_,9.4
_1580_,9.38
_2969_,9.38
_0085_,9.375
_0208_,9.36
_0232_,9.36
_0792_,9.36
_0798_,9.36
_1208_,9.36
_1982_,9.36
_2116_,9.36
_2533_,9.36
net64,9.36
_2416_,9.34
_2339_,9.32
_2558_,9.32
_2687_,9.32
s_tdata[11],9.3
_1163_,9.28
_2036_,9.28
_2508_,9.275
_0305_,9.26
_0349_,9.26
_0471_,9.26
_1995_,9.26
_2995_,9.26
_0256_,9.24
_0270_,9.24
_0686_,9.24
_0882_,9.24
_1064_,9.24
_1413_,9.24
_1810_,9.24
_1990_,9.24
_2126_,9.24
_2162_,9.24
_2164_,9.24
_1582_,9.22
_1919_,9.22
_2866_,9.21
_1862_,9.2
_0338_,9.16
_0936_,9.16
_1281_,9.16
_2091_,9.16
net83,9.16
_1611_,9.14
_2768_,9.14
_0258_,9.12
_0287_,9.12
_1465_,9.12
_1955_,9.12
_2112_,9.12
_0563_,9.1
_0554_,9.08
_1221_,9.08
_1459_,9.08
_2485_,9.08
_1571_,9.06
_2531_,9.06
_2657_,9.06
_2972_,9.06
_0708_,9.04
_1609_,9.04
_1885_,9.04
_2148_,9.04
_1260_,9.02
_1576_,9.02
_1676_,9.02
_0701_,8.98
_0893_,8.98
_0957_,8.98
_0990_,8.98
_1617_,8.98
_1704_,8.98
_2635_,8.98
_2685_,8.98
_2720_,8.98
_2975_,8.98
_0292_,8.96
_1086_,8.96
_1893_,8.96
m_tdata[14],8.96
m_tdata[30],8.96
m_tdata[31],8.96
m_tdata[3],8.96
m_tdata[6],8.96
m_tdata[9],8.96
m_tvalid,8.96
_0505_,8.94
_1357_,8.94
_2380_,8.94
_2821_,8.94
_2996_,8.94
_0267_,8.935
_0953_,8.92
_1123_,8.92
_1900_,8.92
_0250_,8.9
_0461_,8.9
_0564_,8.9
_0640_,8.9
_0891_,8.9
_1074_,8.9
_1340_,8.9
_1833_,8.9
_2111_,8.9
_3031_,8.9
_0972_,8.88
_1508_,8.86
_2241_,8.86
m_tdata[22],8.85
m_tdata[23],8.85
_3011_,8.84
s_tdata[23],8.84
_0392_,8.82
_1892_,8.82
_1914_,8.82
_2043_,8.82
_2343_,8.82
_2743_,8.82
net111,8.82
_1289_,8.8
_1623_,8.8
_2072_,8.8
_2401_,8.8
_0501_,8.78
_0646_,8.78
_1228_,8.78
_1369_,8.78
_1384_,8.78
_1477_,8.78
_1583_,8.78
_0550_,8.76
_1853_,8.76
_0830_,8.755
_0109_,8.745
_1157_,8.72
_1908_,8.72
rst,8.72
s_tdata[13],8.72
s_tdata[14],8.72
s_tdata[15],8.72
s_tdata[16],8.72
s_tdata[17],8.72
s_tdata[19],8.72
s_tdata[20],8.72
s_tdata[21],8.72
s_tdata[22],8.72
s_tdata[8],8.72
s_tdata[9],8.72
_2010_,8.7
_2234_,8.7
_2925_,8.7
_2958_,8.7
_3022_,8.7
_1291_,8.685
_0334_,8.68
_1918_,8.68
_1959_,8.68
net187,8.68
_0209_,8.66
_0709_,8.66
_0868_,8.66
_0931_,8.66
_1573_,8.66
_1129_,8.62
_2038_,8.62
_1276_,8.6
_1297_,8.6
_1837_,8.6
_2290_,8.6
_2630_,8.6
_0729_,8.59
_0473_,8.58
_1037_,8.58
_1857_,8.58
_2639_,8.58
_2976_,8.58
_3000_,8.58
net102,8.58
_0019_,8.565
_0322_,8.56
_0763_,8.56
_1937_,8.56
_2599_,8.56
_0588_,8.54
_0051_,8.525
_2813_,8.52
m_tdata[19],8.51
m_tdata[20],8.51
m_tdata[21],8.51
m_tdata[24],8.51
m_tdata[27],8.51
_2080_,8.5
_2389_,8.5
m_tdata[0],8.5
m_tdata[10],8.5
m_tdata[11],8.5
m_tdata[12],8.5
m_tdata[13],8.5
m_tdata[1],8.5
m_tdata[29],8.5
m_tdata[2],8.5
m_tdata[4],8.5
m_tdata[5],8.5
m_tdata[7],8.5
m_tdata[8],8.5
s_tready,8.5
_1305_,8.49
_0922_,8.48
_2216_,8.48
_2398_,8.48
_2399_,8.48
_2443_,8.48
_2747_,8.48
_2944_,8.48
_1299_,8.46
_1760_,8.46
_2838_,8.46
_0424_,8.44
_0690_,8.44
_1915_,8.44
_2422_,8.44
_2621_,8.44
_2789_,8.44
_2910_,8.44
_0362_,8.42
_1758_,8.42
_2760_,8.42
_0533_,8.4
_0973_,8.4
_1335_,8.4
_2495_,8.4
_2556_,8.4
_2800_,8.4
_2933_,8.4
_2288_,8.38
_0577_,8.36
_0821_,8.36
_1681_,8.36
_2529_,8.36
_2816_,8.36
_2959_,8.36
_0073_,8.34
_0231_,8.34
_1923_,8.34
_2215_,8.34
_1117_,8.32
_1178_,8.32
_1449_,8.32
_2244_,8.32
_2489_,8.32
net137,8.305
_1359_,8.3
_1762_,8.3
_0003_,8.285
_2786_,8.26
_2924_,8.26
_0497_,8.24
_0669_,8.24
_0937_,8.24
_1880_,8.24
_2783_,8.24
_3030_,8.22
_0863_,8.215
_0725_,8.2
_1613_,8.2
_1621_,8.2
_2123_,8.2
_2782_,8.2
_2507_,8.195
_1903_,8.18
_0058_,8.165
_1952_,8.16
_0215_,8.14
_1495_,8.14
_0272_,8.12
_1511_,8.12
_1533_,8.12
_2451_,8.12
_2823_,8.12
_0820_,8.1
_1768_,8.1
_2125_,8.1
_2364_,8.1
_2397_,8.1
_0298_,8.08
_1470_,8.08
_2328_,8.08
_0154_,8.065
_0202_,8.065
_2089_,8.06
_2317_,8.06
_2686_,8.06
_0146_,8.025
_0374_,8.02
_1069_,8.02
_2511_,8.02
_0780_,8
_1525_,8
_2363_,8
_0004_,7.985
_0315_,7.98
_0395_,7.98
_0761_,7.98
_2100_,7.98
u_interface.u_compute_core.u_av.valid_a,7.98
_1458_,7.96
_2247_,7.94
_2525_,7.94
_2636_,7.94
_2642_,7.94
_0031_,7.92
_0750_,7.9
_1671_,7.9
_1787_,7.9
_1901_,7.9
_2090_,7.9
_2464_,7.9
net220,7.9
_0976_,7.88
_2132_,7.88
_2237_,7.88
_0330_,7.86
_0384_,7.86
_0430_,7.86
_0617_,7.86
_2239_,7.86
_2342_,7.86
_2429_,7.86
_1169_,7.84
_0084_,7.825
_2542_,7.82
_1016_,7.8
_2939_,7.8
_3028_,7.8
_1348_,7.795
_0159_,7.785
_0602_,7.78
_1349_,7.78
_1501_,7.78
_1544_,7.78
_1987_,7.78
_2257_,7.78
net93,7.78
_0401_,7.77
_0102_,7.765
_0138_,7.765
_0837_,7.76
_1767_,7.76
_2477_,7.76
_0319_,7.74
_0626_,7.74
_1483_,7.74
_0610_,7.72
_1108_,7.72
_2378_,7.7
_2877_,7.7
_0383_,7.68
_1624_,7.68
net100,7.68
net186,7.68
net201,7.68
_0230_,7.66
_0244_,7.66
_0373_,7.66
_0478_,7.66
_0742_,7.66
_2141_,7.66
_2307_,7.66
_2410_,7.66
_2967_,7.655
_0048_,7.645
_0876_,7.64
_0895_,7.64
_2385_,7.64
_2571_,7.64
_2696_,7.64
_2870_,7.64
_0402_,7.6
_2099_,7.6
_2292_,7.6
_2293_,7.6
_2572_,7.6
_0791_,7.58
_0913_,7.58
_1423_,7.58
_1620_,7.58
_1831_,7.58
_0002_,7.565
_0041_,7.565
_0695_,7.56
_2075_,7.56
_2519_,7.56
_2884_,7.56
_2923_,7.56
_1680_,7.555
_2137_,7.54
_0318_,7.52
_0666_,7.52
_0668_,7.52
_0776_,7.52
_0888_,7.52
_1009_,7.52
_1298_,7.52
_1311_,7.52
_1500_,7.52
_1512_,7.52
_1674_,7.52
_2391_,7.52
_2534_,7.52
_2810_,7.52
_2946_,7.52
_3029_,7.52
_0189_,7.505
_1377_,7.5
_0385_,7.49
m_tdata[28],7.49
_0207_,7.48
_1112_,7.48
_2688_,7.48
_2732_,7.48
_2797_,7.48
_1441_,7.475
_0452_,7.44
_0898_,7.44
_1258_,7.44
_1301_,7.44
_1625_,7.44
_2039_,7.44
_2067_,7.44
_2205_,7.44
_1679_,7.425
_0604_,7.42
_1019_,7.4
_1622_,7.4
_2879_,7.4
net122,7.4
_0437_,7.38
_1698_,7.36
_2748_,7.36
_0629_,7.34
net223,7.34
_1280_,7.32
_1434_,7.32
_1526_,7.32
_1969_,7.32
_2465_,7.32
_2815_,7.32
_2937_,7.32
_3017_,7.3
_0033_,7.285
_2856_,7.28
_1957_,7.24
_1958_,7.24
_2792_,7.24
_1082_,7.22
_1691_,7.22
_2107_,7.22
_2767_,7.22
_0624_,7.2
_0641_,7.2
_1204_,7.2
_2012_,7.2
_0905_,7.18
_0909_,7.18
_1020_,7.18
_1382_,7.18
_2334_,7.18
_2400_,7.18
_2514_,7.18
_2719_,7.18
net105,7.16
_0628_,7.14
_2289_,7.12
_1389_,7.115
_0314_,7.1
_0660_,7.1
_0774_,7.1
_1004_,7.1
_1338_,7.1
_2015_,7.1
_2088_,7.1
_2560_,7.1
net197,7.1
net207,7.1
_1065_,7.08
_2503_,7.08
_2771_,7.08
_0249_,7.06
_0363_,7.06
_0580_,7.06
_1560_,7.06
_1764_,7.06
_2333_,7.06
_2538_,7.06
_2624_,7.06
_0932_,7.04
_0107_,7.02
_0021_,7
_0101_,7
_1820_,7
_2208_,7
_0418_,6.98
_1385_,6.98
_2553_,6.98
_1036_,6.96
_1137_,6.96
_1819_,6.96
_1929_,6.96
_0752_,6.94
_0764_,6.94
_1538_,6.94
_1809_,6.94
_0180_,6.935
_0047_,6.925
_0772_,6.91
_0601_,6.9
net196,6.9
_0405_,6.88
net90,6.88
_0527_,6.86
_0578_,6.86
_1992_,6.86
_3018_,6.86
net106,6.86
_0342_,6.84
_0890_,6.84
_2078_,6.84
_0089_,6.825
_1641_,6.82
_1668_,6.78
_1970_,6.78
_2296_,6.78
_2912_,6.78
_1001_,6.76
_1989_,6.76
_2552_,6.76
net183,6.76
net184,6.76
_0513_,6.74
_0883_,6.74
_1375_,6.74
_1846_,6.74
_2191_,6.74
_2226_,6.74
_0407_,6.72
_1411_,6.72
_2480_,6.72
_2559_,6.72
_2578_,6.72
_2648_,6.72
_2886_,6.72
_0757_,6.66
_1156_,6.66
_1420_,6.66
_2645_,6.66
_1220_,6.645
_0261_,6.64
_0388_,6.64
_0435_,6.64
_1481_,6.64
_1948_,6.64
_2101_,6.64
_2204_,6.64
_2547_,6.64
_2564_,6.64
net101,6.64
_1053_,6.62
_1569_,6.62
_2066_,6.62
_0350_,6.6
_0549_,6.6
_0985_,6.6
_1155_,6.6
_1188_,6.6
_2388_,6.6
_2546_,6.6
_2761_,6.6
net69,6.6
net166,6.6
_2557_,6.58
_1803_,6.57
_2567_,6.54
u_interface.u_compute_core.relu_data\[17\],6.54
_0858_,6.52
_0967_,6.52
_1038_,6.52
_1261_,6.52
_1454_,6.52
_1532_,6.52
_2822_,6.52
_2842_,6.52
_0713_,6.5
_0718_,6.5
_2027_,6.5
_2212_,6.5
_0082_,6.485
_0470_,6.48
_0683_,6.48
_1360_,6.48
_1405_,6.48
_2181_,6.48
net76,6.48
net115,6.48
_0511_,6.46
_0071_,6.425
_2145_,6.42
_0508_,6.4
_0867_,6.4
_1124_,6.4
_1607_,6.4
_1744_,6.4
_1776_,6.4
_2005_,6.4
_2105_,6.4
_2150_,6.4
_2195_,6.4
net203,6.4
_0583_,6.38
_0196_,6.365
_0825_,6.36
_2532_,6.36
_2788_,6.36
_3006_,6.36
_0806_,6.35
_0989_,6.32
_2354_,6.32
_2917_,6.32
s_tdata[2],6.31
_0456_,6.3
_1658_,6.3
_1951_,6.3
_2351_,6.3
_2693_,6.3
net151,6.3
net179,6.3
net180,6.3
_1426_,6.28
_1802_,6.28
_1840_,6.28
_0282_,6.26
_0694_,6.26
_0831_,6.26
_1018_,6.26
_1259_,6.26
_1507_,6.26
_1556_,6.26
_1575_,6.26
_2392_,6.26
_1115_,6.2
_2172_,6.2
_2322_,6.2
_2526_,6.2
_2712_,6.2
_2310_,6.19
_1961_,6.18
_2220_,6.18
_2258_,6.18
_2259_,6.18
_2323_,6.18
_2588_,6.18
_2795_,6.18
_2819_,6.18
_2828_,6.18
net80,6.18
_0723_,6.16
_1092_,6.16
_2040_,6.16
_0336_,6.14
_0719_,6.14
_1049_,6.14
_1286_,6.14
_1304_,6.14
_1618_,6.14
_1944_,6.14
_2295_,6.14
_2475_,6.14
net134,6.14
_1240_,6.12
_0434_,6.06
_0756_,6.06
_1450_,6.06
_1537_,6.06
_2166_,6.06
_2194_,6.06
_2325_,6.06
_2437_,6.06
_2880_,6.06
_2999_,6.06
_2006_,6.04
_0092_,6.025
_0333_,6.02
_1985_,6.02
_2481_,6.02
_0013_,5.985
s_tdata[5],5.97
_0043_,5.965
_0131_,5.965
_0184_,5.965
net190,5.96
_0295_,5.94
_0467_,5.94
_0541_,5.94
_0618_,5.94
_1135_,5.94
_1295_,5.94
_1529_,5.94
_1782_,5.94
_1954_,5.94
_2209_,5.94
_2808_,5.94
_0387_,5.86
_0462_,5.86
_0879_,5.86
_2041_,5.86
_2446_,5.86
_2829_,5.86
_1126_,5.84
_1331_,5.84
_1614_,5.84
_2347_,5.84
_2577_,5.84
_2638_,5.84
_2724_,5.84
_2726_,5.84
_2787_,5.84
_2793_,5.84
_2986_,5.84
_0235_,5.82
_0271_,5.82
_0446_,5.82
_1039_,5.82
_1262_,5.82
_1654_,5.82
_1850_,5.82
_0028_,5.805
_1081_,5.8
_1842_,5.8
_1934_,5.8
_2522_,5.8
_2876_,5.8
net11,5.8
net135,5.8
_0012_,5.765
_0264_,5.74
_0528_,5.74
_1087_,5.74
_1830_,5.74
_2128_,5.74
_2804_,5.74
_0681_,5.73
_0077_,5.725
_0296_,5.72
_0344_,5.72
_0391_,5.72
_1230_,5.72
_1775_,5.72
_2062_,5.72
_2071_,5.72
_2418_,5.72
_2762_,5.72
net77,5.72
net170,5.72
net178,5.72
_2008_,5.7
_2466_,5.7
_0316_,5.68
_0912_,5.68
_2253_,5.68
_2515_,5.68
_2530_,5.68
_2594_,5.68
_2718_,5.68
_2731_,5.68
_2844_,5.68
_2968_,5.68
net96,5.68
_0195_,5.645
_0062_,5.62
_2494_,5.62
_2510_,5.62
net66,5.62
_0121_,5.605
_0526_,5.6
_1572_,5.6
_1968_,5.6
net109,5.6
_0050_,5.58
net107,5.58
_0832_,5.56
net91,5.56
_0133_,5.555
_1717_,5.52
_2661_,5.52
_0098_,5.505
_1687_,5.5
_2230_,5.5
_2221_,5.48
_0454_,5.46
_1366_,5.46
_2122_,5.46
_0977_,5.44
s_tdata[4],5.41
_0219_,5.4
_0451_,5.4
_2056_,5.4
_3032_,5.4
net202,5.4
_0351_,5.38
_0483_,5.38
_0961_,5.38
_1652_,5.38
_1659_,5.38
_1770_,5.38
_1906_,5.38
_2018_,5.38
_2106_,5.38
_2379_,5.38
_2463_,5.38
_2561_,5.38
_2612_,5.38
_2715_,5.38
_2780_,5.38
_2885_,5.38
_2899_,5.38
_2907_,5.38
net92,5.38
net116,5.38
net153,5.38
_0251_,5.36
_0983_,5.36
_1610_,5.36
_1921_,5.36
_0185_,5.345
_0214_,5.34
_0313_,5.34
_0432_,5.34
_0433_,5.34
_0885_,5.34
_0920_,5.34
_1046_,5.34
_1243_,5.34
_1647_,5.34
_1779_,5.34
_2033_,5.34
_2225_,5.34
_2467_,5.34
_2518_,5.34
_2562_,5.34
_2750_,5.34
_2755_,5.34
_2774_,5.34
_2814_,5.34
_2906_,5.34
net12,5.34
s_tdata[0],5.29
_0170_,5.28
_0482_,5.28
_1876_,5.28
_2275_,5.28
_2707_,5.28
_0034_,5.265
_0218_,5.26
_0716_,5.26
_0900_,5.26
_1055_,5.26
_1471_,5.26
_1640_,5.26
_1783_,5.26
_1828_,5.26
_2267_,5.26
_2329_,5.26
_2482_,5.26
_2678_,5.26
_2698_,5.26
_2965_,5.26
net165,5.26
_1216_,5.25
_0100_,5.245
_1148_,5.24
_1932_,5.24
_2894_,5.225
_0442_,5.22
_0464_,5.22
_0565_,5.22
_1505_,5.22
_2051_,5.22
_2255_,5.22
_2563_,5.22
_2677_,5.22
_2730_,5.22
_2902_,5.22
net87,5.22
net104,5.22
_0200_,5.16
_2092_,5.16
_0368_,5.14
_0417_,5.14
_1604_,5.14
_2102_,5.14
_2167_,5.14
_2171_,5.14
_2826_,5.14
_1581_,5.12
_0111_,5.095
_0094_,5.085
m_tdata[16],5.07
m_tdata[18],5.07
s_tdata[1],5.07
s_tdata[3],5.07
_0136_,5.065
_1976_,5.06
net161,5.06
_0008_,5.045
_0237_,5.02
_0353_,5.02
_0378_,5.02
_1107_,5.02
_1309_,5.02
_1684_,5.02
_2104_,5.02
_2914_,5.02
_0984_,5
net198,5
_2440_,4.95
s_tdata[6],4.95
s_tlast,4.95
_0220_,4.94
_0382_,4.94
_0872_,4.94
_0951_,4.94
_1015_,4.94
net195,4.94
_0228_,4.92
_0266_,4.92
_1946_,4.92
_1967_,4.92
_1993_,4.92
_2175_,4.92
_2285_,4.92
_2435_,4.92
_2500_,4.92
_2778_,4.92
_2973_,4.92
_2681_,4.9
_2953_,4.9
_0182_,4.885
_0253_,4.88
_0400_,4.88
_0408_,4.88
_0510_,4.88
_1332_,4.88
_1705_,4.88
_2365_,4.88
_2548_,4.88
_2575_,4.88
_2705_,4.88
net204,4.88
_0331_,4.8
_0422_,4.8
_0590_,4.8
_0896_,4.8
_0930_,4.8
_1083_,4.8
_1729_,4.8
_1854_,4.8
_2064_,4.8
_2127_,4.8
_2202_,4.8
_2249_,4.8
_2297_,4.8
_2345_,4.8
_2652_,4.8
_2835_,4.8
net136,4.8
_1179_,4.78
_1587_,4.78
_2193_,4.78
_0480_,4.76
_1173_,4.76
_1516_,4.76
_1710_,4.76
_2235_,4.76
_2256_,4.76
_2353_,4.76
_2439_,4.76
_2473_,4.76
_2897_,4.76
_2926_,4.76
net99,4.76
m_tdata[17],4.73
m_tdata[25],4.73
_0118_,4.7
_0252_,4.68
_0552_,4.68
_0827_,4.68
_1605_,4.68
_2174_,4.68
net193,4.68
_0361_,4.66
_0063_,4.625
_2095_,4.6
net209,4.6
_0036_,4.585
_0045_,4.585
_0255_,4.56
_1451_,4.56
_1755_,4.56
_0142_,4.525
_1226_,4.48
_1858_,4.48
_1869_,4.48
_1912_,4.48
_2268_,4.48
_2457_,4.48
_2994_,4.48
net188,4.48
_0278_,4.46
_0354_,4.46
_0436_,4.46
_0860_,4.46
_1113_,4.46
_1336_,4.46
_1530_,4.46
_1534_,4.46
_1884_,4.46
_2070_,4.46
_2136_,4.46
_2199_,4.46
_2254_,4.46
_2274_,4.46
_2278_,4.46
_2596_,4.46
net141,4.46
_0016_,4.445
_0960_,4.44
_2404_,4.44
_2413_,4.44
_2430_,4.44
_0015_,4.42
_0592_,4.42
_2520_,4.42
_2659_,4.42
_2680_,4.42
_2791_,4.42
_2954_,4.42
m_tdata[15],4.39
m_tdata[26],4.39
_0024_,4.385
_0143_,4.385
_0399_,4.36
_0857_,4.36
_2138_,4.36
_2207_,4.36
_2943_,4.36
_0364_,4.34
_0529_,4.34
_0540_,4.34
_0671_,4.34
_0700_,4.34
_0789_,4.34
_1431_,4.34
_1662_,4.34
_1739_,4.34
_1839_,4.34
_1936_,4.34
_1997_,4.34
_2017_,4.34
_2030_,4.34
_2425_,4.34
_2469_,4.34
_2709_,4.34
_2847_,4.34
net67,4.34
_0056_,4.295
_0126_,4.295
_0103_,4.24
_0186_,4.24
_0365_,4.22
_0743_,4.22
_1464_,4.22
_1608_,4.22
_1835_,4.22
_2499_,4.22
_2701_,4.22
net85,4.22
_2424_,4.215
_0696_,4.2
_0128_,4.165
_0127_,4.145
_1791_,4.14
_2665_,4.14
_2667_,4.14
_2772_,4.14
net199,4.14
net219,4.14
net221,4.14
_0181_,4.125
_0710_,4.12
net222,4.12
_0328_,4.1
_0340_,4.1
_0638_,4.1
_1274_,4.1
_1429_,4.1
_1811_,4.1
_3026_,4.1
net81,4.1
_0245_,4.08
_2020_,4.08
_0129_,4.065
_2893_,4.025
_1577_,4.02
_1851_,4.02
_1956_,4.02
_0009_,4
_0014_,4
_0370_,4
_0458_,4
_0797_,4
_0991_,4
_1660_,4
_2192_,4
_2419_,4
_2770_,4
_2857_,4
_2859_,4
_2940_,4
_0302_,3.98
_0755_,3.98
_0881_,3.98
_1877_,3.98
_2282_,3.98
_0025_,3.965
_0022_,3.925
_0042_,3.925
_0087_,3.925
_0099_,3.925
_0149_,3.925
_0192_,3.925
_2055_,3.9
_2081_,3.9
_2600_,3.9
net185,3.9
_0317_,3.88
_0332_,3.88
_0468_,3.88
_0790_,3.88
_1133_,3.88
_1165_,3.88
_1379_,3.88
_1650_,3.88
_1737_,3.88
_2179_,3.88
_2608_,3.88
_2708_,3.88
_2734_,3.88
_2840_,3.88
_2854_,3.88
net152,3.88
_0088_,3.805
_0091_,3.805
_0055_,3.78
_0158_,3.78
_0348_,3.78
_1022_,3.78
_2143_,3.78
net139,3.78
_0871_,3.76
_2291_,3.76
net89,3.76
_0156_,3.755
_2262_,3.74
_0079_,3.705
_0155_,3.705
_0162_,3.705
_0177_,3.68
_1786_,3.68
_1804_,3.68
_2077_,3.68
net156,3.68
_1462_,3.66
_3001_,3.66
_2941_,3.645
_2462_,3.64
_2478_,3.64
net97,3.64
_0095_,3.605
_0393_,3.56
_0744_,3.56
_1386_,3.56
_1816_,3.56
_1897_,3.56
_3038_,3.56
_0347_,3.54
_0428_,3.54
_0630_,3.54
_0685_,3.54
_0692_,3.54
_0800_,3.54
_1024_,3.54
_1043_,3.54
_1412_,3.54
_1433_,3.54
_1513_,3.54
_2189_,3.54
_2294_,3.54
_2321_,3.54
_2459_,3.54
_2486_,3.54
_2527_,3.54
_2568_,3.54
_2664_,3.54
_2733_,3.54
_2831_,3.54
_2997_,3.54
net189,3.54
_2487_,3.535
_0543_,3.52
_0733_,3.52
_0064_,3.505
_0157_,3.505
_0125_,3.465
_0168_,3.465
_0086_,3.44
_1443_,3.44
_2506_,3.44
_2576_,3.44
_0206_,3.42
_0343_,3.42
_0740_,3.42
_0741_,3.42
_1864_,3.42
_1939_,3.42
_2019_,3.42
_2250_,3.42
_2458_,3.42
_2646_,3.42
_2692_,3.42
_2703_,3.42
_2977_,3.42
_1327_,3.4
_2444_,3.4
_0096_,3.345
_0115_,3.345
_0117_,3.345
_0120_,3.32
_2219_,3.32
net140,3.32
_0506_,3.3
_1341_,3.3
_1353_,3.3
_2673_,3.3
_0044_,3.245
_0046_,3.245
_0060_,3.245
_0090_,3.245
_0165_,3.225
_0524_,3.22
_0935_,3.22
_2590_,3.22
_0263_,3.2
_0288_,3.2
_1052_,3.2
_0739_,3.18
_1388_,3.18
_1664_,3.18
_1685_,3.16
_1756_,3.16
_0032_,3.125
_0006_,3.1
_0211_,3.1
_0309_,3.1
_0444_,3.1
_0735_,3.1
_1041_,3.1
_1953_,3.1
_2340_,3.1
_2393_,3.1
_2445_,3.1
_0303_,3.08
_0731_,3.08
_1502_,3.08
_1677_,3.08
_1723_,3.08
_1740_,3.08
_1940_,3.08
_1980_,3.08
_2245_,3.08
_2264_,3.08
_2271_,3.08
_2550_,3.08
_2554_,3.08
_2623_,3.08
net84,3.08
net132,3.08
net147,3.08
_0160_,3.055
_0070_,3.045
_0081_,3.045
_0183_,3.005
_2149_,2.98
_2545_,2.98
_2683_,2.98
_0357_,2.96
_0381_,2.96
_0551_,2.96
_0613_,2.96
_0652_,2.96
_0737_,2.96
_1139_,2.96
_1799_,2.96
_2035_,2.96
_2231_,2.96
_2287_,2.96
_2372_,2.96
_2569_,2.96
_2633_,2.96
_2905_,2.96
_0866_,2.95
_0130_,2.885
_0134_,2.885
_0000_,2.86
_0005_,2.86
_0049_,2.86
_0150_,2.86
_0163_,2.86
_0172_,2.86
_0197_,2.86
_0020_,2.785
_0052_,2.785
_0053_,2.785
_0140_,2.785
_0174_,2.785
_0178_,2.785
_0199_,2.785
_0059_,2.76
_0425_,2.76
_0560_,2.76
_1491_,2.76
_2158_,2.76
_2281_,2.76
_2509_,2.76
_2728_,2.76
net192,2.76
net206,2.76
_2218_,2.74
_2798_,2.74
net182,2.74
net70,2.72
_0057_,2.715
_0065_,2.715
_0083_,2.715
_0179_,2.715
_0339_,2.64
_0453_,2.64
_1152_,2.64
_1800_,2.64
_2358_,2.64
_3020_,2.64
_3021_,2.64
net174,2.64
net176,2.64
net177,2.64
_0294_,2.62
_0472_,2.62
_0622_,2.62
_0651_,2.62
_1287_,2.62
_1371_,2.62
_1578_,2.62
_1725_,2.62
_1733_,2.62
_2060_,2.62
_2420_,2.62
_2626_,2.62
_2679_,2.62
_2714_,2.62
_2727_,2.62
net149,2.62
net200,2.62
_0161_,2.585
_0169_,2.585
_0001_,2.545
_0011_,2.545
_0069_,2.545
_0132_,2.545
_0153_,2.545
_0191_,2.545
_0148_,2.52
_2555_,2.52
_2570_,2.52
_2597_,2.52
_2689_,2.52
_2697_,2.52
_2773_,2.52
net125,2.52
_0386_,2.5
_0479_,2.5
_0598_,2.5
_0823_,2.5
_1013_,2.5
_1056_,2.5
_1066_,2.5
_1183_,2.5
_1558_,2.5
_1585_,2.5
_1836_,2.5
_2119_,2.5
_2273_,2.5
_2326_,2.5
_2671_,2.5
_2702_,2.5
_2806_,2.5
_3007_,2.5
net163,2.5
_0038_,2.485
_0068_,2.485
_0040_,2.42
_2711_,2.4
_0039_,2.375
_0114_,2.375
_0135_,2.375
_0145_,2.375
_0166_,2.375
_0037_,2.325
_0066_,2.325
_0067_,2.325
_0076_,2.325
_0108_,2.325
_0173_,2.325
_0187_,2.325
_0194_,2.325
_0227_,2.3
_1396_,2.3
_1651_,2.3
_1731_,2.3
_2352_,2.3
net103,2.3
_0421_,2.28
_0938_,2.18
_1432_,2.18
_2272_,2.18
_2491_,2.18
_2916_,2.18
net164,2.18
net214,2.18
_0259_,2.16
_0360_,2.16
_0372_,2.16
_0457_,2.16
_0474_,2.16
_0762_,2.16
_1158_,2.16
_1496_,2.16
_1887_,2.16
_2201_,2.16
_2303_,2.16
_2433_,2.16
_2449_,2.16
_2472_,2.16
_2591_,2.16
_2662_,2.16
_2666_,2.16
_2676_,2.16
_2725_,2.16
_2729_,2.16
_2889_,2.16
_2979_,2.16
net94,2.16
net142,2.16
net159,2.16
net160,2.16
net175,2.16
_0010_,2.145
_0023_,2.145
_0026_,2.145
_0027_,2.145
_0113_,2.145
_0018_,2.125
_0078_,2.125
_0093_,2.125
_0147_,2.125
_0151_,2.125
_0193_,2.125
_0537_,2.11
_1734_,2.11
_0176_,2.085
_0198_,2.085
_0123_,2.08
_0164_,2.08
_1794_,2.06
_2280_,2.06
_2517_,2.06
_2535_,2.06
_2549_,2.06
_2551_,2.06
_2566_,2.06
_2574_,2.06
_2675_,2.06
_2695_,2.06
_2699_,2.06
_2717_,2.06
net112,2.06
_0277_,2.04
_0413_,2.04
_0484_,2.04
_0589_,2.04
_0658_,2.04
_0811_,2.04
_0980_,2.04
_1141_,2.04
_1726_,2.04
_2098_,2.04
_2133_,2.04
_2183_,2.04
_2265_,2.04
_2468_,2.04
_2471_,2.04
_2668_,2.04
_2721_,2.04
_2785_,2.04
_2809_,2.04
net194,2.04
_0122_,2.035
_0029_,2.025
_0030_,2.025
_0072_,2.025
_0188_,2.025
_0061_,1.865
_0075_,1.865
_0105_,1.865
_0116_,1.865
_0167_,1.865
_0190_,1.865
_0201_,1.865
_0574_,1.84
_0869_,1.84
_1072_,1.84
_1590_,1.84
_2251_,1.84
_2276_,1.84
_2279_,1.84
_2405_,1.84
_2431_,1.84
net138,1.84
net205,1.84
_0447_,1.82
_3035_,1.82
net108,1.82
net212,1.82
net217,1.82
_1168_,1.72
_1408_,1.72
_1941_,1.72
_2153_,1.72
_2252_,1.72
_2261_,1.72
_2359_,1.72
_2373_,1.72
_2386_,1.72
_2414_,1.72
_2488_,1.72
_2501_,1.72
_2825_,1.72
_2846_,1.72
_2957_,1.72
net224,1.72
_0216_,1.7
_0352_,1.7
_0377_,1.7
_0477_,1.7
_0575_,1.7
_0603_,1.7
_0722_,1.7
_0751_,1.7
_1027_,1.7
_1211_,1.7
_1233_,1.7
_1435_,1.7
_1565_,1.7
_1584_,1.7
_1697_,1.7
_1714_,1.7
_1793_,1.7
_2169_,1.7
_2263_,1.7
_2605_,1.7
_2684_,1.7
_2723_,1.7
_2841_,1.7
_2881_,1.7
net145,1.7
net150,1.7
net157,1.7
_0097_,1.685
_0137_,1.685
_0139_,1.685
_0152_,1.685
_0607_,1.6
net79,1.6
_0112_,1.575
_0054_,1.405
_0203_,1.405
_0221_,1.38
_0680_,1.38
_2704_,1.38
_2706_,1.38
_2722_,1.38
_2960_,1.38
net208,1.38
net211,1.38
net218,1.38
_1949_,1.36
_2498_,1.29
_2453_,1.26
net117,1.26
_2306_,1.14
_2617_,1.14
_2649_,1.14
_2654_,1.14
_0987_,0.92
_1103_,0.92
_1419_,0.92
_1688_,0.92
_2001_,0.92
_2266_,0.92
_2528_,0.92
_3019_,0.92
net144,0.92
net148,0.92
net168,0.92
net181,0.92
net213,0.92
_2346_,0.8
_2922_,0.8
_3015_,0.8
_0312_,0.46
_2045_,0.46
_2406_,0.46
_2710_,0.46
_2739_,0.46
_2913_,0.46
net143,0.46
net146,0.46
net162,0.46
net167,0.46
net171,0.46
net172,0.46
net210,0.46
net216,0.46
